check,title,writer
TRUE,베로니카 죽기로 결심하다,-
TRUE,절망의 구,-
TRUE,포스트맨은 벨을 두 번 울린다,-
TRUE,28,김유정
TRUE,사서함 110호의 우편물,-
TRUE,다이버전트,-
TRUE,화씨451,-
TRUE,눈먼자들의 도시,-
TRUE,그리고 아무도 없었다,-
TRUE,아가미,-
TRUE,다빈치코드,-
TRUE,천사와 악마,-
TRUE,인페르노,-
TRUE,HQ,-
TRUE,국경시장,-
TRUE,불로의 인형,-
TRUE,모나드의 영역,-
TRUE,편의점 인간,-
TRUE,개그맨,-
TRUE,골든 슬럼버,-
TRUE,꿈을 파는 빈티지샵,-
TRUE,아내를 모자로 착각한 남자,-
TRUE,가면 뒤에서,-
TRUE,엔더의 게임,-
TRUE,레드 퀸 : 적혈의 여왕 1,-
TRUE,레드 퀸 : 적혈의 여왕 2,-
TRUE,우리는 달빛에도 걸을 수 있다,-
TRUE,고백,-
TRUE,당신의 완벽한 1년,-
TRUE,오직 두사람,-
TRUE,푸른수염 아멜리,-
TRUE,너의 기억을 지워줄게,-
TRUE,실연당한 사람들의 일곱시 조찬모임,-
TRUE,빽넘버,-
TRUE,레오나 : 주사위는 던져졌다,-
TRUE,컨설턴트,-
TRUE,센트럴파크,-
TRUE,벤자민버튼의 시간은 거꾸로 간다,-
TRUE,82년생 김지영,-
TRUE,슬픔이여 안녕,-
TRUE,메이즈 러너,-
TRUE,스코치 트라이얼,-
TRUE,데스큐어,-
TRUE,세상에서 가장 짧은 영어 소설,-
TRUE,할로우 시티,-
TRUE,귀를 기울이면,-
TRUE,파리의 아파트,-
TRUE,섬에 있는 서점,-
TRUE,호밀밭의 파수꾼,-
TRUE,당신의 별이 사라지던 밤,-
TRUE,대량출산 움족,-
TRUE,밤의 이야기꾼들,-
TRUE,1984년,조지 오웰
TRUE,동물농장,조지 오웰
TRUE,사랑의 생애,-
TRUE,거짓말을 먹는 나무,-
TRUE,딸에 대하여,-
TRUE,차가운 피부,-
TRUE,친밀한 이방인,-
TRUE,프랑스 대통령의 모자,-
TRUE,비밀,히가시노 게이고
TRUE,경성 탐정 이상,-
TRUE,로스트 심벌,-
TRUE,잠,베르나르 베르베르
TRUE,왜 나는 너를 사랑하는가,알랭 드 보통
TRUE,살해하는 운명카드,-
TRUE,해바라기가 피지 않는 여름,-
TRUE,괜찮은 사람,-
TRUE,스프린터 언더월드,-
TRUE,책을 지키려는 고양이,-
TRUE,우리는 사랑일까,알랭 드 보통
TRUE,소설 마시는 시간,-
TRUE,마당이 있는 집,-
FALSE,모방범,-
FALSE,끝없는 이야기,-
FALSE,만약은 없다,-
FALSE,"레드 퀸 : 유리의 검 1, 2",-
FALSE,암살자 닷컴,-
FALSE,악녀에 대하여,-
FALSE,스페이스 오디세이,-
FALSE,돌이킬 수 없는 약속,-
FALSE,코뿔소를 보여주마,-
FALSE,안개 속 여름,-
FALSE,에브리씽 에브리씽,-
FALSE,넛셸,-
FALSE,알렉스,피에르 르메르트
FALSE,바깥은 여름,-
FALSE,진작 알았어야 할 일,-
FALSE,세상의 끝,-
FALSE,나오미와 가나코,-
FALSE,소멸세계,-
FALSE,캐미스트,-
FALSE,좀비연대기,-
FALSE,그것,스티븐 킹
FALSE,behind her eyes,-
FALSE,독이 서린 말,-
FALSE,매그레와 벤치의 사나이,-
FALSE,검은집,-
FALSE,밤의 살인자,-
FALSE,밀레니엄 시리즈,-
FALSE,가장 무서운 이야기 사건,-
FALSE,고스트라이터즈,
FALSE,해가 지는 곳으로,
FALSE,성모,
FALSE,마쉬왕의 딸,
TRUE,그때 말할걸 그랬어,
FALSE,나를 보내지마,
FALSE,달콤한 노래,
FALSE,브람스를 좋아하세요…,
FALSE,마지막 패리시 부인,
TRUE,아르테미스,
FALSE,곰탕,
FALSE,게임의 이름은 유괴,
FALSE,스마트폰을 떨어트렸을 뿐인데,
FALSE,intothewater,
FALSE,시간이 너를 증명한다,
FALSE,그대 눈동자에 건배,
FALSE,원: 우리가 하나였을 때,
FALSE,달의 영휴,
FALSE,달과 6펜스,
TRUE,알제리의 유령들,
FALSE,스펜스 기숙학교의 마녀들,
FALSE,앨리스 죽이기,
FALSE,오리진,
FALSE,킬 오더,
FALSE,피버코드,
FALSE,그렇게 보낼 인생이 아니다,
FALSE,시스터,
FALSE,환상의 여인,
FALSE,연쇄살인마 개구리남자,
FALSE,무례한 사람에게 웃으며 대처하는 법,
FALSE,살인 기술자,
FALSE,낭만적 연애와 그 후의 일상,
FALSE,티어링의 여왕,
FALSE,신곡,단테
FALSE,훌륭한 신세계,다카노 가즈아키
FALSE,먼 북으로 가는 좁은 길,
FALSE,아내가 결혼했다,
FALSE,그로칼랭,
FALSE,차단,제바스티안 피체크
FALSE,회색인간,
FALSE,해피엔딩으로 만나요,
FALSE,신더,
FALSE,짐승,
FALSE,범죄자,
FALSE,당신의 과거를 지워드립니다,
FALSE,봉제인형 살인사건,
FALSE,화이트 래빗,
FALSE,팡쓰치의 첫사랑 낙원,
FALSE,그리고 신은 내게 도와달라고 말했다,
FALSE,"나는 간호사, 사람입니다",
FALSE,엄마라는 이름의 나의 구원자,
FALSE,검사내전,
FALSE,스타터스,
FALSE,이것이 나의 다정입니다,
FALSE,이웃이 같은 사람들,
FALSE,리의 별,
FALSE,오르부아르,
FALSE,사흘 그리고 한인생,
FALSE,일러스트 자기 앞의 생,
FALSE,내가 죽어야하는 밤,
FALSE,프린테라,
FALSE,시간을 멈추는 법,
FALSE,행성 감기에 걸리지 않는 법,
FALSE,눈 한송이가 녹는 동안,
FALSE,악스,
FALSE,거의 완벽에 가까운 결혼,
FALSE,명탐정에게 장미를,
FALSE,브루투스의 심장,
FALSE,시인장의 살인,
FALSE,책을 뒤쫓는 소년,
FALSE,내게 무해한 사람,
FALSE,붉은 손가락,
FALSE,상냥한 저승사자를 기르는 법,
FALSE,네버무어,
FALSE,죽음을 선택한 남자,
FALSE,날씨가 좋으면 찾아가겠어요,
FALSE,야시,
FALSE,금색기계,
FALSE,로건 리얼라이즈,
FALSE,스무살,
FALSE,내게 무해한 사람,
FALSE,19호실로 가다,
FALSE,거울속 외딴성,
FALSE,아침이 온다,
FALSE,9월의 사랑과 만날때까지,
FALSE,귀신나방,
FALSE,우리집 테라스에 펭귄이 산다,
FALSE,죽여 마땅한 사람들,
FALSE,임플란트 전쟁,
FALSE,자연이 마음을 살린다,
FALSE,에브리데이,
FALSE,제시버튼 뮤즈,
FALSE,카피캣,
FALSE,타인은 지옥이다,
FALSE,3인칭 관찰자 시점,
FALSE,선량한 시민,
FALSE,능소화,
FALSE,나는 그것에 대해 아주 오랫동안 생각해,
FALSE,나이트 스토커,
FALSE,살육도시,
FALSE,나는 울때마다 엄마 얼굴이 된다,
FALSE,라이프 리스트,
FALSE,완벽한 날들,
FALSE,베일리 어게인,
FALSE,비가 와도 꽃은 피듯이,
FALSE,돌이킬 수 있는,
FALSE,단어의 사연들,
FALSE,어색하지 않게 사랑을 말하는 법,
FALSE,관내분실,
FALSE,피구왕 서영,
FALSE,러브 레플리카,
FALSE,밑줄 긋는 남자,
FALSE,옥상에서 만나요,
FALSE,매드,클로이 ~~
FALSE,암보스,
FALSE,템테이션,
FALSE,혼이 머무는 곳,
FALSE,검은 사슴,
FALSE,아무도 없는 숲,
FALSE,안녕 드뷔시,
FALSE,버드 스트라이크,
FALSE,그날밤 우리는 비밀을,
FALSE,메이드 인 강남,
FALSE,러브 모노레일,
FALSE,내가 죽기 일주일 전,
FALSE,편지,히가시노 게이고
FALSE,부탁 하나만 들어줘,
FALSE,쉬프트,조예은
FALSE,파우스터,김호연
FALSE,나는 정신병에 걸린 뇌과학자입니다,
FALSE,아우슈비츠의 문신가,헤더 모리스
FALSE,엘리베이터에 낀 그 남자는 어떻게 되었나,김영사
FALSE,"언니, 내가 남자를 죽였어",오인칸 브레이스웨이트
